person_id,first_name,last_name,email
1,"Sergio","Benitez","benitez@bos.com"
2,"Andres","Ospina","ospina@bos.com"
3,"Lucas","Stucky","stucky@bos.com"
4,"Yukihira","Soma","soma@bos.com"
5,"Erina","Nikiri","nikiri@bos.com"
6,"Takumi","Aldini","aldini@bos.com"
7,"Megumi","Tadokoro","tadokoro@bos.com"
8,"Hisako","Arako","arako@bos.com"
9,"Alice","Nikiri","anikiri@bos.com"
10,"Ikumi","Mito","mito@bos.com"
